<?xml version="1.0" encoding="UTF-8"?>
<!DOCTYPE hibernate-configuration PUBLIC
        "-//Hibernate/Hibernate Configuration DTD 3.0//EN"
        "http://hibernate.org/dtd/hibernate-configuration-3.0.dtd">
<hibernate-configuration>
    <session-factory>
        <property name="hibernate.connection.driver_class">org.postgresql.Driver</property>
        <property name="hibernate.connection.url">jdbc:postgresql://localhost:5432/test1</property>
        <property name="hibernate.connection.username">postgres</property>
        <property name="hibernate.connection.password">123456789</property>
        <!-- show all queries -->
        <property name="hibernate.show_sql">true</property>
        <!-- create tables from entities -->
        <property name="hibernate.hbm2ddl.auto">create-drop</property>
        <!-- show pretty queries -->
        <property name="hibernate.format_sql">true</property>
        <property name="hibernate.dialect">org.hibernate.dialect.PostgreSQLDialect</property>
    </session-factory>
</hibernate-configuration>